text,intent
What is the sentiment of Apple stock?,stock_sentiment
Tell me if Tesla is going up or down,stock_sentiment
Analyze the stock sentiment for Microsoft,stock_sentiment
Is Amazon stock bullish or bearish?,stock_sentiment
How is the market feeling about Nvidia?,stock_sentiment
Give me the current sentiment for Google stock,stock_sentiment
What’s the investor sentiment on Facebook shares?,stock_sentiment
Are investors positive or negative on Netflix stock?,stock_sentiment
Check the sentiment for Intel stock,stock_sentiment
How are people reacting to Twitter shares?,stock_sentiment
Is the market optimistic about AMD stock?,stock_sentiment
Tell me if Apple shares are trending up or down,stock_sentiment
What’s the mood around Tesla stock today?,stock_sentiment
Is the sentiment bullish for Microsoft right now?,stock_sentiment
Are Amazon shares expected to rise?,stock_sentiment
Analyze how investors feel about Nvidia stock,stock_sentiment
What’s the overall sentiment for Google today?,stock_sentiment
Is Facebook stock considered risky currently?,stock_sentiment
How do traders feel about Netflix shares?,stock_sentiment
Check if Intel stock is under positive sentiment,stock_sentiment
Are investors optimistic about Twitter’s stock?,stock_sentiment
What’s the latest sentiment on AMD shares?,stock_sentiment
Tell me if Apple’s stock is gaining positive buzz,stock_sentiment
What’s the current trend for Tesla stock?,stock_sentiment
Are Microsoft shares seeing positive sentiment?,stock_sentiment
Is Amazon stock getting good reviews from traders?,stock_sentiment
How is the market sentiment for Nvidia stocks?,stock_sentiment
Give me sentiment analysis for Google stock,stock_sentiment
Are investors confident in Facebook shares?,stock_sentiment
Check the public sentiment for Netflix stock,stock_sentiment
Is Intel stock showing positive signs?,stock_sentiment
How are Twitter shares perceived by traders?,stock_sentiment
Is the AMD stock sentiment bullish or bearish?,stock_sentiment
What’s the investor sentiment for Apple today?,stock_sentiment
Are traders optimistic about Tesla stock?,stock_sentiment
Is Microsoft stock trending positively?,stock_sentiment
Tell me if Amazon shares have a positive outlook,stock_sentiment
Analyze Nvidia’s stock sentiment from recent news,stock_sentiment
What’s the general market sentiment on Google stock?,stock_sentiment
Are Facebook shares viewed positively right now?,stock_sentiment
How do investors feel about Netflix stock recently?,stock_sentiment
Check the sentiment for Intel shares today,stock_sentiment
Is Twitter’s stock sentiment favorable?,stock_sentiment
Are AMD stocks in a bullish mood?,stock_sentiment
What’s the public opinion on Apple stock?,stock_sentiment
Tell me if Tesla shares are favored by investors,stock_sentiment
How is the sentiment on Microsoft shares?,stock_sentiment
Is Amazon stock viewed as bullish currently?,stock_sentiment
Analyze market sentiment for Nvidia shares,stock_sentiment
What’s the trend for Google stock sentiment?,stock_sentiment
Are Facebook shares considered stable by traders?,stock_sentiment
How do investors perceive Netflix stock right now?,stock_sentiment
Check if Intel shares are in positive sentiment,stock_sentiment
Is Twitter stock sentiment trending upward?,stock_sentiment
Are AMD stocks gaining positive feedback?,stock_sentiment
What’s the overall feeling about Apple stock?,stock_sentiment
Are Tesla shares gaining positive momentum?,stock_sentiment
Tell me if Microsoft stock is bullish or bearish,stock_sentiment
Is Amazon shares sentiment positive today?,stock_sentiment
Analyze Nvidia stock sentiment from social media,stock_sentiment
What’s the public sentiment for Google shares?,stock_sentiment
Are Facebook shares seeing increased investor confidence?,stock_sentiment
How is Netflix stock sentiment trending?,stock_sentiment
Check if Intel stock is receiving positive feedback,stock_sentiment
Is Twitter stock sentiment positive or negative?,stock_sentiment
Are AMD shares trending bullish currently?,stock_sentiment
What’s the investor mood around Apple stock?,stock_sentiment
Are Tesla shares favored in today’s market?,stock_sentiment
How is the sentiment on Microsoft stock evolving?,stock_sentiment
Is Amazon stock considered bullish right now?,stock_sentiment
Analyze Nvidia’s stock sentiment from recent trends,stock_sentiment
What’s the general sentiment for Google shares?,stock_sentiment
Are Facebook stocks viewed positively by investors?,stock_sentiment
How do traders feel about Netflix stock today?,stock_sentiment
Check the sentiment trend for Intel shares,stock_sentiment
Is Twitter stock sentiment improving?,stock_sentiment
Are AMD shares receiving positive market sentiment?,stock_sentiment
What’s the overall sentiment on Apple shares?,stock_sentiment
Are Tesla shares trending up in sentiment?,stock_sentiment
Tell me if Microsoft stock sentiment is positive,stock_sentiment
Is Amazon stock sentiment bullish or bearish?,stock_sentiment
Analyze Nvidia stock sentiment from latest news,stock_sentiment
What’s the market sentiment for Google shares?,stock_sentiment
Are Facebook shares seen as good investments now?,stock_sentiment
How is Netflix stock sentiment trending lately?,stock_sentiment
Check if Intel shares have positive investor sentiment,stock_sentiment
Is Twitter stock sentiment currently positive?,stock_sentiment
Are AMD shares favored by investors recently?,stock_sentiment
What is the sentiment of Reliance Industries stock?,stock_sentiment
Tell me if TCS is trending up or down,stock_sentiment
Analyze the stock sentiment for Infosys,stock_sentiment
Is HDFC Bank stock bullish or bearish?,stock_sentiment
How is the market feeling about ICICI Bank?,stock_sentiment
Give me the current sentiment for Larsen & Toubro stock,stock_sentiment
What’s the investor sentiment on SBI shares?,stock_sentiment
Are investors positive or negative on Bharti Airtel stock?,stock_sentiment
Check the sentiment for Asian Paints stock,stock_sentiment
How are people reacting to Bajaj Finance shares?,stock_sentiment
Is the market optimistic about Maruti Suzuki stock?,stock_sentiment
Tell me if Reliance Industries shares are trending up or down,stock_sentiment
What’s the mood around TCS stock today?,stock_sentiment
Is the sentiment bullish for Infosys right now?,stock_sentiment
Are HDFC Bank shares expected to rise?,stock_sentiment
Analyze how investors feel about ICICI Bank stock,stock_sentiment
What’s the overall sentiment for Larsen & Toubro today?,stock_sentiment
Is SBI stock considered risky currently?,stock_sentiment
How do traders feel about Bharti Airtel shares?,stock_sentiment
Check if Asian Paints stock is under positive sentiment,stock_sentiment
Are investors optimistic about Bajaj Finance’s stock?,stock_sentiment
What’s the latest sentiment on Maruti Suzuki shares?,stock_sentiment
Tell me if Reliance Industries stock is gaining positive buzz,stock_sentiment
What’s the current trend for TCS stock?,stock_sentiment
Are Infosys shares seeing positive sentiment?,stock_sentiment
Is HDFC Bank stock getting good reviews from traders?,stock_sentiment
How is the market sentiment for ICICI Bank stocks?,stock_sentiment
Give me sentiment analysis for Larsen & Toubro stock,stock_sentiment
Are investors confident in SBI shares?,stock_sentiment
Check the public sentiment for Bharti Airtel stock,stock_sentiment
Is Asian Paints stock showing positive signs?,stock_sentiment
How are Bajaj Finance shares perceived by traders?,stock_sentiment
Is the Maruti Suzuki stock sentiment bullish or bearish?,stock_sentiment
What’s the investor sentiment for Reliance Industries today?,stock_sentiment
Are traders optimistic about TCS stock?,stock_sentiment
Is Infosys stock trending positively?,stock_sentiment
Tell me if HDFC Bank shares have a positive outlook,stock_sentiment
Analyze ICICI Bank’s stock sentiment from recent news,stock_sentiment
What’s the general market sentiment on Larsen & Toubro stock?,stock_sentiment
Are SBI shares viewed positively right now?,stock_sentiment
How do investors feel about Bharti Airtel stock recently?,stock_sentiment
Check the sentiment for Asian Paints shares today,stock_sentiment
Is Bajaj Finance stock sentiment favorable?,stock_sentiment
Are Maruti Suzuki stocks in a bullish mood?,stock_sentiment
What’s the public opinion on Reliance Industries stock?,stock_sentiment
Tell me if TCS shares are favored by investors,stock_sentiment
How is the sentiment on Infosys shares?,stock_sentiment
Is HDFC Bank stock viewed as bullish currently?,stock_sentiment
Analyze ICICI Bank stock sentiment from social media,stock_sentiment
What’s the public sentiment for Larsen & Toubro shares?,stock_sentiment
Are SBI shares seeing increased investor confidence?,stock_sentiment
How is Bharti Airtel stock sentiment trending?,stock_sentiment
Check if Asian Paints stock is receiving positive feedback,stock_sentiment
Is Bajaj Finance stock sentiment positive or negative?,stock_sentiment
Are Maruti Suzuki shares trending bullish currently?,stock_sentiment
What’s the investor mood around Reliance Industries stock?,stock_sentiment
Are TCS shares favored in today’s market?,stock_sentiment
How is the sentiment on Infosys stock evolving?,stock_sentiment
Is HDFC Bank stock considered bullish right now?,stock_sentiment
Analyze ICICI Bank’s stock sentiment from recent trends,stock_sentiment
What’s the general sentiment for Larsen & Toubro shares?,stock_sentiment
Are SBI stocks viewed positively by investors?,stock_sentiment
How do traders feel about Bharti Airtel stock today?,stock_sentiment
Check the sentiment trend for Asian Paints shares,stock_sentiment
Is Bajaj Finance stock sentiment improving?,stock_sentiment
Are Maruti Suzuki shares receiving positive market sentiment?,stock_sentiment
What’s the overall sentiment on Reliance Industries shares?,stock_sentiment
Are TCS shares trending up in sentiment?,stock_sentiment
Tell me if Infosys stock sentiment is positive,stock_sentiment
Is HDFC Bank stock sentiment bullish or bearish?,stock_sentiment
Analyze ICICI Bank stock sentiment from latest news,stock_sentiment
What’s the market sentiment for Larsen & Toubro shares?,stock_sentiment
Are SBI shares seen as good investments now?,stock_sentiment
How is Bharti Airtel stock sentiment trending lately?,stock_sentiment
Check if Asian Paints shares have positive investor sentiment,stock_sentiment
Is Bajaj Finance stock sentiment currently positive?,stock_sentiment
Are Maruti Suzuki shares favored by investors recently?,stock_sentiment
What is the sentiment of Reliance Industries stock?,stock_sentiment
Tell me if Tesla is going up or down,stock_sentiment
Analyze the stock sentiment for Microsoft,stock_sentiment
Is Amazon stock bullish or bearish?,stock_sentiment
How is the market feeling about Infosys?,stock_sentiment
Give me the current sentiment for Apple shares,stock_sentiment
What’s the investor sentiment on TCS stock?,stock_sentiment
Are investors positive or negative on Google stock?,stock_sentiment
Check the sentiment for ICICI Bank stock,stock_sentiment
How are people reacting to Nvidia shares?,stock_sentiment
Is HDFC Bank stock showing bullish signs?,stock_sentiment
Tell me if Facebook stock is trending up,stock_sentiment
What’s the mood around Amazon stock today?,stock_sentiment
Are Infosys shares seeing positive sentiment?,stock_sentiment
Is HDFC Bank stock getting good reviews from traders?,stock_sentiment
How is the market sentiment for ICICI Bank stocks?,stock_sentiment
Give me sentiment analysis for Tesla stock,stock_sentiment
Are investors confident in SBI shares?,stock_sentiment
Check the public sentiment for Bharti Airtel stock,stock_sentiment
Is Asian Paints stock showing positive signs?,stock_sentiment
How are Bajaj Finance shares perceived by traders?,stock_sentiment
Is the Maruti Suzuki stock sentiment bullish or bearish?,stock_sentiment
What’s the investor sentiment for Reliance Industries today?,stock_sentiment
Are traders optimistic about Apple stock?,stock_sentiment
Is Infosys stock trending positively?,stock_sentiment
Tell me if HDFC Bank shares have a positive outlook,stock_sentiment
Analyze ICICI Bank’s stock sentiment from recent news,stock_sentiment
What’s the general market sentiment on Larsen & Toubro stock?,stock_sentiment
Are SBI shares viewed positively right now?,stock_sentiment
How do investors feel about Bharti Airtel stock recently?,stock_sentiment
Check the sentiment for Asian Paints shares today,stock_sentiment
Is Bajaj Finance stock sentiment favorable?,stock_sentiment
Are Maruti Suzuki shares in a bullish mood?,stock_sentiment
What’s the public opinion on Reliance Industries stock?,stock_sentiment
Tell me if Netflix shares are favored by investors,stock_sentiment
How is the sentiment on Infosys shares?,stock_sentiment
Is HDFC Bank stock viewed as bullish currently?,stock_sentiment
Analyze ICICI Bank stock sentiment from social media,stock_sentiment
What’s the public sentiment for Larsen & Toubro shares?,stock_sentiment
Are SBI shares seeing increased investor confidence?,stock_sentiment
How is Bharti Airtel stock sentiment trending?,stock_sentiment
Check if Asian Paints stock is receiving positive feedback,stock_sentiment
Is Bajaj Finance stock sentiment positive or negative?,stock_sentiment
Are Maruti Suzuki shares trending bullish currently?,stock_sentiment
What’s the investor mood around Reliance Industries stock?,stock_sentiment
Are TCS shares favored in today’s market?,stock_sentiment
How is the sentiment on Infosys stock evolving?,stock_sentiment
Is HDFC Bank stock considered bullish right now?,stock_sentiment
Analyze ICICI Bank’s stock sentiment from recent trends,stock_sentiment
What’s the general sentiment for Larsen & Toubro shares?,stock_sentiment
Are SBI stocks viewed positively by investors?,stock_sentiment
How do traders feel about Bharti Airtel stock today?,stock_sentiment
Check the sentiment trend for Asian Paints shares,stock_sentiment
Is Bajaj Finance stock sentiment improving?,stock_sentiment
Are Maruti Suzuki shares receiving positive market sentiment?,stock_sentiment
What’s the overall sentiment on Reliance Industries shares?,stock_sentiment
Are TCS shares trending up in sentiment?,stock_sentiment
Tell me if Infosys stock sentiment is positive,stock_sentiment
Is HDFC Bank stock sentiment bullish or bearish?,stock_sentiment
Analyze ICICI Bank stock sentiment from latest news,stock_sentiment
What’s the market sentiment for Larsen & Toubro shares?,stock_sentiment
Are SBI shares seen as good investments now?,stock_sentiment
How is Bharti Airtel stock sentiment trending lately?,stock_sentiment
Check if Asian Paints shares have positive investor sentiment,stock_sentiment
Is Bajaj Finance stock sentiment currently positive?,stock_sentiment
Are Maruti Suzuki shares favored by investors recently?,stock_sentiment
What is the sentiment of Coca-Cola stock?,stock_sentiment
Is Google stock showing a positive trend?,stock_sentiment
Analyze the sentiment for Walmart shares,stock_sentiment
Is IBM stock bullish or bearish?,stock_sentiment
What is the sentiment on Netflix shares?,stock_sentiment
How is the market sentiment on Pfizer stock?,stock_sentiment
Are investors optimistic about Adobe stock?,stock_sentiment
What’s the sentiment on Zoom Video Communications stock?,stock_sentiment
Is Boeing stock viewed positively by traders?,stock_sentiment
Analyze sentiment for ExxonMobil shares,stock_sentiment
Is Twitter stock trending up or down?,stock_sentiment
Tell me the market feeling about Spotify stock,stock_sentiment
Are investors bullish on Uber Technologies?,stock_sentiment
What’s the sentiment for PayPal stock?,stock_sentiment
Is the sentiment positive for Shopify stock?,stock_sentiment
What is the current sentiment for Adani Enterprises stock?,stock_sentiment
How are investors feeling about Wipro shares?,stock_sentiment
Analyze the sentiment around Paytm stock,stock_sentiment
Is Bajaj Auto stock showing bullish trends?,stock_sentiment
What’s the market mood on Tata Steel shares?,stock_sentiment
Tell me if Ford stock is trending positively,stock_sentiment
Check the sentiment for HCL Technologies shares,stock_sentiment
Are investors optimistic about Netflix stock?,stock_sentiment
How is the sentiment on Asian Paints stock?,stock_sentiment
Is Sony stock bullish or bearish today?,stock_sentiment
What’s the investor sentiment on ITC stock?,stock_sentiment
How do traders feel about Ford shares recently?,stock_sentiment
Check sentiment for Cipla stock,stock_sentiment
Is Tesla stock viewed positively by investors now?,stock_sentiment
What’s the sentiment on Maruti Suzuki shares?,stock_sentiment
Tell me if Axis Bank shares are favored by traders,stock_sentiment
Analyze the market sentiment for Google stock,stock_sentiment
Are investors positive about Britannia Industries shares?,stock_sentiment
How is the sentiment on Reliance Industries today?,stock_sentiment
Is Zoom stock trending up in investor sentiment?,stock_sentiment
What’s the public opinion on Coal India stock?,stock_sentiment
Check if Pfizer shares have bullish sentiment,stock_sentiment
Are Bharti Airtel shares viewed favorably by investors?,stock_sentiment
How do traders feel about Microsoft stock lately?,stock_sentiment
Is Infosys stock receiving positive market feedback?,stock_sentiment
What is the market mood on ICICI Bank shares?,stock_sentiment
Are investors optimistic about Amazon stock?,stock_sentiment
Tell me the sentiment trend for Wipro shares,stock_sentiment
How is the sentiment for Apple stock evolving?,stock_sentiment
Is Larsen & Toubro stock showing positive signs?,stock_sentiment
Analyze the sentiment of Tesla stock from social media,stock_sentiment
Are SBI shares viewed as bullish right now?,stock_sentiment
What is the current sentiment on Google shares?,stock_sentiment
How are traders feeling about Tata Motors stock?,stock_sentiment
Is Uber Technologies stock trending positively?,stock_sentiment
Check the sentiment for Nestle India shares,stock_sentiment
What’s the investor mood on Bajaj Finance stock?,stock_sentiment
Tell me if Facebook stock is bullish or bearish,stock_sentiment
How is the sentiment on HDFC Bank stock?,stock_sentiment
Are investors confident in Paytm shares?,stock_sentiment
What is the sentiment on Netflix shares today?,stock_sentiment
Is Reliance Industries stock viewed positively by traders?,stock_sentiment
How do investors feel about Axis Bank stock?,stock_sentiment
Check if Coca-Cola shares have positive sentiment,stock_sentiment
What is the market sentiment for Tata Steel shares?,stock_sentiment
Are traders optimistic about Sony stock?,stock_sentiment
How is the sentiment trend for ICICI Bank shares?,stock_sentiment
Tell me if Microsoft stock is receiving positive reviews,stock_sentiment
Analyze the sentiment on Wipro stock from recent news,stock_sentiment
Are investors bullish on Bajaj Auto shares?,stock_sentiment
What’s the sentiment on Asian Paints stock currently?,stock_sentiment
How do traders view Larsen & Toubro stock?,stock_sentiment
Is Amazon stock trending positively today?,stock_sentiment
What’s the market feeling about Pfizer stock?,stock_sentiment
Are investors optimistic about Uber Technologies stock?,stock_sentiment
Tell me if Facebook shares are trending bullish,stock_sentiment
How is the sentiment on Nestle India stock?,stock_sentiment
Check the public sentiment for Britannia Industries stock,stock_sentiment
Is Coca-Cola stock viewed favorably by traders?,stock_sentiment
Analyze the market sentiment on Ford stock,stock_sentiment
Are Tesla shares bullish or bearish right now?,stock_sentiment
What’s the sentiment for Bajaj Finance shares?,stock_sentiment
Tell me if Infosys stock is trending positively,stock_sentiment
How is the sentiment on Axis Bank stock evolving?,stock_sentiment
Are investors confident about Tata Motors shares?,stock_sentiment
What’s the current market sentiment for HCL Technologies?,stock_sentiment
Is Reliance Industries stock sentiment bullish today?,stock_sentiment
Check the investor sentiment for ICICI Bank shares,stock_sentiment
How do traders feel about Microsoft stock?,stock_sentiment
What’s the general mood about Netflix stock?,stock_sentiment
Tell me if Tata Steel shares are favored by investors,stock_sentiment
Is Uber stock viewed positively by market participants?,stock_sentiment
Analyze the sentiment for Amazon shares from social media,stock_sentiment
Are Facebook shares trending up or down?,stock_sentiment
What’s the current sentiment on Apple stock?,stock_sentiment
What’s the investor sentiment on Dr. Reddy’s Laboratories shares?,stock_sentiment
How is the market feeling about Qualcomm stock?,stock_sentiment
Is the sentiment positive for State Bank of India shares?,stock_sentiment
Tell me the current mood around Goldman Sachs stock,stock_sentiment
Are investors bullish on ICICI Prudential Life shares?,stock_sentiment
Analyze the sentiment on Johnson & Johnson stock,stock_sentiment
What is the general sentiment for Larsen & Toubro Infotech stock?,stock_sentiment
How are traders feeling about Mahindra & Mahindra shares?,stock_sentiment
Is the market sentiment optimistic for Boeing stock?,stock_sentiment
Check the sentiment for Nestle India stock,stock_sentiment
What’s the sentiment trend for HDFC Life shares?,stock_sentiment
Are investors positive about Apple Inc stock recently?,stock_sentiment
How do market participants view Axis Bank shares now?,stock_sentiment
Tell me if Tata Consultancy Services shares have bullish sentiment,stock_sentiment
What is the investor mood on Facebook stock?,stock_sentiment
Analyze the sentiment for Infosys stock from recent reports,stock_sentiment
Are traders optimistic about Netflix shares?,stock_sentiment
How is the sentiment on Adani Ports stock?,stock_sentiment
What’s the sentiment for Tesla stock after latest earnings?,stock_sentiment
Tell me if Reliance Industries shares are favored by investors today,stock_sentiment
How do investors feel about PepsiCo stock?,stock_sentiment
Is the market mood positive for Bajaj Finance shares?,stock_sentiment
Check if Wipro stock is bullish or bearish,stock_sentiment
What is the sentiment on Maruti Suzuki stock currently?,stock_sentiment
Are investors confident about Bharti Airtel shares?,stock_sentiment
How do traders view Cisco Systems stock?,stock_sentiment
Is Tata Power stock trending up or down in sentiment?,stock_sentiment
What’s the investor sentiment on Uber Technologies shares?,stock_sentiment
Tell me if Bajaj Auto stock is viewed positively by traders,stock_sentiment
How is the sentiment on Johnson Controls stock?,stock_sentiment
Are investors bullish on Oil and Natural Gas Corporation shares?,stock_sentiment
What is the current sentiment trend for Facebook stock?,stock_sentiment
Analyze the market mood for ICICI Bank shares,stock_sentiment
Is the sentiment favorable for Britannia Industries shares?,stock_sentiment
How do investors feel about Qualcomm shares?,stock_sentiment
What is the sentiment on Tata Chemicals stock?,stock_sentiment
Tell me if Apple stock has positive sentiment this week,stock_sentiment
Are traders optimistic about Infosys shares currently?,stock_sentiment
How is the market sentiment on Siemens India stock?,stock_sentiment
What’s the investor mood on Ford Motor Company shares?,stock_sentiment
Is Reliance Industries stock trending positively this month?,stock_sentiment
Check sentiment for Tata Steel shares,stock_sentiment
Are investors confident about Nestle India stock?,stock_sentiment
Tell me if Microsoft stock is bullish or bearish today,stock_sentiment
What’s the sentiment for Asian Paints shares?,stock_sentiment
Analyze the current sentiment on Bajaj Finance stock,stock_sentiment
Is the investor sentiment positive for Tata Motors shares?,stock_sentiment
How do traders feel about Amazon stock now?,stock_sentiment
What is the market sentiment on HDFC Bank stock?,stock_sentiment
Are investors bullish on Bharti Airtel stock today?,stock_sentiment
Tell me the general sentiment for Tesla stock,stock_sentiment
How is the sentiment on Infosys stock trending?,stock_sentiment
Is Wipro stock receiving positive market feedback?,stock_sentiment
What’s the investor mood on ICICI Prudential Life shares?,stock_sentiment
Analyze sentiment trends for Maruti Suzuki stock,stock_sentiment
Are traders optimistic about Tata Power shares?,stock_sentiment
What’s the sentiment for State Bank of India stock?,stock_sentiment
Tell me if Uber stock has positive sentiment currently,stock_sentiment
How do investors feel about Pfizer shares?,stock_sentiment
Is the market sentiment favorable for Larsen & Toubro Infotech?,stock_sentiment
What’s the current investor sentiment on Apple stock?,stock_sentiment
Check the sentiment for Asian Paints stock,stock_sentiment
What is the investor mood on Tata Steel shares?,stock_sentiment
Are traders optimistic about Reliance Industries stock?,stock_sentiment
Tell me if Infosys stock is bullish or bearish today,stock_sentiment
How is the market sentiment on Microsoft shares?,stock_sentiment
Is the investor sentiment positive for ICICI Bank shares?,stock_sentiment
What’s the sentiment for Bajaj Finance stock?,stock_sentiment
Analyze the sentiment for Tesla stock,stock_sentiment
Are investors confident about HDFC Bank stock?,stock_sentiment
How do traders feel about Amazon shares?,stock_sentiment
Tell me the current sentiment on Tata Consultancy Services stock,stock_sentiment
What is the market mood for Bharti Airtel shares?,stock_sentiment
Is the sentiment favorable for Larsen & Toubro stock?,stock_sentiment
How is the investor sentiment on Facebook stock?,stock_sentiment
Check if Apple stock has bullish sentiment today,stock_sentiment
Are traders optimistic about Nestle India shares?,stock_sentiment
What is the sentiment trend for State Bank of India stock?,stock_sentiment
Tell me if Wipro stock is viewed positively by investors,stock_sentiment
How do investors feel about Boeing stock?,stock_sentiment
Is the market mood optimistic for Johnson & Johnson shares?,stock_sentiment
Analyze the sentiment for Tata Motors stock,stock_sentiment
Are investors bullish on Mahindra & Mahindra stock?,stock_sentiment
What’s the current investor sentiment on Netflix shares?,stock_sentiment
How is the sentiment on Pfizer stock?,stock_sentiment
Tell me if ICICI Prudential Life shares have positive sentiment,stock_sentiment
Check the sentiment for Uber Technologies stock,stock_sentiment
Is the investor mood positive for Asian Paints shares?,stock_sentiment
What’s the market sentiment for Tata Chemicals stock?,stock_sentiment
Are traders optimistic about Reliance Power stock?,stock_sentiment
How do investors feel about Cisco Systems shares?,stock_sentiment
Tell me the sentiment on Johnson Controls stock,stock_sentiment
Is the market mood bullish for Bajaj Auto shares?,stock_sentiment
Analyze the investor sentiment for Ford Motor Company stock,stock_sentiment
Are investors confident about Oil and Natural Gas Corporation shares?,stock_sentiment
What’s the sentiment trend for Britannia Industries stock?,stock_sentiment
Tell me if Tesla stock is viewed positively by traders,stock_sentiment
How is the sentiment on HDFC Life shares?,stock_sentiment
Check the current investor sentiment on Maruti Suzuki stock,stock_sentiment
Are investors bullish on Tata Power stock?,stock_sentiment
What’s the sentiment for Infosys shares?,stock_sentiment
Tell me if Facebook stock has positive sentiment now,stock_sentiment
How do traders feel about Bajaj Finance stock?,stock_sentiment
Is the investor mood favorable for ICICI Bank shares?,stock_sentiment
What is the sentiment on Nestle India stock?,stock_sentiment
Are traders optimistic about Larsen & Toubro Infotech stock?,stock_sentiment
Tell me if Amazon stock is bullish or bearish,stock_sentiment
How is the market feeling about Qualcomm shares?,stock_sentiment
What’s the investor sentiment on Tata Steel shares?,stock_sentiment
Are investors confident about Bharti Airtel shares?,stock_sentiment
Analyze the sentiment for Microsoft stock,stock_sentiment
Is the market mood positive for Apple Inc stock?,stock_sentiment
Tell me if Wipro stock is bullish or bearish today,stock_sentiment
How do investors feel about Tata Consultancy Services shares?,stock_sentiment
What’s the sentiment for Mahindra & Mahindra stock?,stock_sentiment
Are traders optimistic about Netflix stock?,stock_sentiment
Check the sentiment on ICICI Prudential Life stock,stock_sentiment
Tell me if Tesla stock has bullish sentiment,stock_sentiment
How is the market sentiment on Reliance Industries stock?,stock_sentiment
What’s the investor mood on Bajaj Auto shares?,stock_sentiment
Are investors confident about Larsen & Toubro stock?,stock_sentiment
Tell me if Facebook stock is viewed positively,stock_sentiment
How do traders feel about Uber stock?,stock_sentiment
Is the market sentiment favorable for Tata Motors stock?,stock_sentiment
Analyze the investor sentiment on Johnson & Johnson shares,stock_sentiment
What’s the sentiment trend for Infosys shares?,stock_sentiment
Are investors bullish on Apple stock today?,stock_sentiment
Tell me if Bajaj Finance stock has positive sentiment,stock_sentiment
How is the sentiment on HDFC Bank stock?,stock_sentiment
What’s the investor sentiment on Nestle India shares?,stock_sentiment
Are traders optimistic about State Bank of India stock?,stock_sentiment
Check if Amazon stock is bullish or bearish,stock_sentiment
Tell me the current sentiment on Microsoft shares,stock_sentiment
What’s the sentiment on Maruti Suzuki stock?,stock_sentiment
Are traders bullish on Tata Steel shares?,stock_sentiment
Analyze investor mood for Reliance Industries today,stock_sentiment
Is the market sentiment positive for Infosys stock?,stock_sentiment
Tell me if Tesla shares have bullish sentiment now,stock_sentiment
How do investors feel about ICICI Bank stock today?,stock_sentiment
Check if Amazon stock is being viewed positively,stock_sentiment
What’s the sentiment trend for Asian Paints shares?,stock_sentiment
Are traders optimistic about HDFC Bank shares?,stock_sentiment
Tell me if Microsoft stock is gaining positive sentiment,stock_sentiment
How is the investor mood on Bharti Airtel stock?,stock_sentiment
Is the market sentiment bullish for Tata Motors shares?,stock_sentiment
Analyze current sentiment for Facebook stock,stock_sentiment
Are investors confident about Bajaj Finance stock?,stock_sentiment
Tell me if Wipro stock sentiment is positive today,stock_sentiment
What’s the investor mood for Netflix shares?,stock_sentiment
How do traders feel about Larsen & Toubro stock?,stock_sentiment
Check the sentiment for Johnson & Johnson stock,stock_sentiment
Is the market optimistic about Tata Power shares?,stock_sentiment
Tell me if Uber stock is experiencing bullish sentiment,stock_sentiment
What’s the sentiment on Pfizer stock today?,stock_sentiment
Are investors positive about ICICI Prudential Life shares?,stock_sentiment
How is the market feeling about Ford Motor Company stock?,stock_sentiment
Tell me if Sony stock has positive investor sentiment,stock_sentiment
Check if Apple stock is showing bullish signals,stock_sentiment
What’s the sentiment on Tata Chemicals shares?,stock_sentiment
Are traders optimistic about Reliance Power stock?,stock_sentiment
Analyze the sentiment for Boeing stock,stock_sentiment
How do investors feel about Cisco Systems shares?,stock_sentiment
Is the market mood positive for Bajaj Auto stock?,stock_sentiment
Tell me the current sentiment on Britannia Industries stock,stock_sentiment
Are traders bullish on Tata Consultancy Services shares?,stock_sentiment
What’s the investor sentiment on State Bank of India stock?,stock_sentiment
Check if Amazon shares have positive sentiment,stock_sentiment
How do investors feel about Facebook stock today?,stock_sentiment
Is the market optimistic about Maruti Suzuki shares?,stock_sentiment
Tell me if Tesla stock is showing bearish signs,stock_sentiment
Analyze current investor sentiment for ICICI Bank shares,stock_sentiment
What’s the sentiment trend for Infosys stock?,stock_sentiment
Are traders bullish on Larsen & Toubro Infotech shares?,stock_sentiment
Tell me if Microsoft shares are viewed positively,stock_sentiment
How do investors feel about Bajaj Finance stock?,stock_sentiment
Is the market mood favorable for Tata Motors stock?,stock_sentiment
Check the investor sentiment on Netflix shares,stock_sentiment
What’s the market feeling about ICICI Prudential Life stock?,stock_sentiment
Are traders optimistic about Apple stock?,stock_sentiment
Tell me if Reliance Industries stock sentiment is bullish,stock_sentiment
How do investors feel about Bajaj Auto stock today?,stock_sentiment
Is the market positive about Tata Steel shares?,stock_sentiment
Check if Amazon stock is showing bullish momentum,stock_sentiment
Tell me the current investor mood for Microsoft shares,stock_sentiment
Are investors confident about HDFC Life stock?,stock_sentiment
What’s the sentiment on Bharti Airtel shares today?,stock_sentiment
Analyze the market sentiment for Larsen & Toubro stock,stock_sentiment
Is the investor mood positive for Tesla stock?,stock_sentiment
How do traders feel about Tata Consultancy Services shares?,stock_sentiment
Tell me if Apple stock is showing positive sentiment,stock_sentiment
Are investors bullish on Netflix stock?,stock_sentiment
What’s the sentiment trend for Facebook shares?,stock_sentiment
Check if ICICI Bank shares are viewed positively,stock_sentiment
How is the market mood about Infosys stock?,stock_sentiment
Tell me if Tata Power stock has bullish sentiment,stock_sentiment
Are traders optimistic about Amazon stock today?,stock_sentiment
What’s the sentiment on HCL Technologies stock?,stock_sentiment
Are investors bullish about Mahindra & Mahindra shares?,stock_sentiment
Analyze market mood for Paytm stock,stock_sentiment
Is the sentiment positive for Google stock today?,stock_sentiment
Tell me if Wipro shares are gaining bullish momentum,stock_sentiment
How do traders feel about SBI Life stock?,stock_sentiment
Is Tesla stock being viewed negatively?,stock_sentiment
What’s the current investor sentiment for UltraTech Cement?,stock_sentiment
Are traders optimistic about IBM shares?,stock_sentiment
Tell me if Tata Consumer Products stock is bullish,stock_sentiment
Check the sentiment for Adobe stock,stock_sentiment
How is the market feeling about Kotak Mahindra Bank shares?,stock_sentiment
What’s the investor mood for Netflix stock?,stock_sentiment
Are investors positive about Maruti Suzuki shares?,stock_sentiment
Tell me if Apple stock is showing bearish sentiment,stock_sentiment
Analyze the sentiment for Asian Paints shares,stock_sentiment
Is the market optimistic about HDFC Bank stock?,stock_sentiment
How do traders feel about Tesla shares today?,stock_sentiment
Check if Infosys stock is trending bullish,stock_sentiment
Tell me the current investor mood for ICICI Bank stock,stock_sentiment
Are traders bullish on Reliance Industries shares?,stock_sentiment
What’s the sentiment on Tata Steel stock?,stock_sentiment
How is the market feeling about Facebook shares?,stock_sentiment
Is the sentiment positive for Microsoft stock?,stock_sentiment
Tell me if Amazon stock is bullish or bearish,stock_sentiment
Are investors confident about Larsen & Toubro shares?,stock_sentiment
Check the market mood for Sony stock,stock_sentiment
How do traders feel about Bharat Petroleum stock?,stock_sentiment
What’s the investor sentiment on Tata Power shares?,stock_sentiment
Are investors optimistic about Zoom Video stock?,stock_sentiment
Tell me if Boeing stock is showing bullish trends,stock_sentiment
How is the market mood for Bajaj Finance stock?,stock_sentiment
Are traders bullish on HDFC Life shares?,stock_sentiment
What’s the sentiment trend for ICICI Prudential Life stock?,stock_sentiment
Tell me if Uber stock has positive investor sentiment,stock_sentiment
How do investors feel about Tata Consultancy Services stock?,stock_sentiment
Check if Reliance Power shares are gaining bullish momentum,stock_sentiment
Are traders optimistic about Pfizer stock?,stock_sentiment
What’s the investor mood for Bajaj Auto shares?,stock_sentiment
Tell me if Adobe shares are trending bullish,stock_sentiment
How is the market sentiment for Mahindra Electric stock?,stock_sentiment
Are investors positive about Facebook stock?,stock_sentiment
Check the sentiment on Tata Chemicals shares,stock_sentiment
What’s the market feeling about Infosys stock today?,stock_sentiment
Tell me if ICICI Bank shares are showing bearish signs,stock_sentiment
Are traders bullish on Maruti Suzuki stock?,stock_sentiment
How do investors feel about Google stock?,stock_sentiment
What’s the sentiment on Wipro stock?,stock_sentiment
Tell me if Tesla shares are gaining positive sentiment,stock_sentiment
Are traders optimistic about Reliance Industries stock?,stock_sentiment
How is the market mood for Amazon stock?,stock_sentiment
Check if Microsoft stock is trending bullish,stock_sentiment
Tell me the investor sentiment for Larsen & Toubro stock,stock_sentiment
Are investors confident about Bajaj Finance shares?,stock_sentiment
What’s the sentiment trend for Tata Motors stock?,stock_sentiment
How do traders feel about Netflix stock?,stock_sentiment
Tell me if ICICI Prudential Life stock is bullish,stock_sentiment
Are investors positive about Apple stock?,stock_sentiment
What’s the market feeling about Bajaj Auto stock?,stock_sentiment
Check if Amazon shares are gaining bullish momentum,stock_sentiment
How do investors feel about Tata Steel stock?,stock_sentiment
What is the current sentiment for Axis Bank stock?,stock_sentiment
Are investors bullish on HDFC shares today?,stock_sentiment
Analyze the market sentiment for ITC stock,stock_sentiment
How is the investor mood for Infosys stock?,stock_sentiment
Is the sentiment positive for Reliance Industries stock?,stock_sentiment
Tell me if Tata Steel shares are bullish or bearish,stock_sentiment
What do traders think about Wipro stock?,stock_sentiment
How do investors feel about Adani Enterprises shares?,stock_sentiment
Are the market sentiments favorable for Bharti Airtel stock?,stock_sentiment
Is there bullish momentum in Asian Paints shares?,stock_sentiment
Check the current investor sentiment on Google stock,stock_sentiment
Is Tesla stock showing signs of bearish trend?,stock_sentiment
How is the market sentiment for Nestle India stock?,stock_sentiment
Tell me if Amazon shares are gaining positive investor sentiment,stock_sentiment
What’s the sentiment around Maruti Suzuki stock?,stock_sentiment
Are traders optimistic about Bajaj Finance stock?,stock_sentiment
Analyze the stock sentiment for Pfizer shares,stock_sentiment
Is the market mood bullish for ICICI Bank stock?,stock_sentiment
Tell me if Netflix stock is seeing positive investor interest,stock_sentiment
What is the sentiment for UltraTech Cement shares?,stock_sentiment
Are investors positive about Microsoft stock?,stock_sentiment
How do traders feel about Sony stock today?,stock_sentiment
What’s the investor sentiment for Tata Motors shares?,stock_sentiment
Check if Reliance Power stock is bullish or bearish,stock_sentiment
How is the market feeling about HDFC Life stock?,stock_sentiment
Are the investors optimistic about Bharat Petroleum shares?,stock_sentiment
Tell me if Uber stock is showing bullish trends,stock_sentiment
What’s the sentiment for Bajaj Auto stock today?,stock_sentiment
How do investors feel about Infosys shares?,stock_sentiment
Are traders confident about Larsen & Toubro stock?,stock_sentiment
Is Amazon stock being viewed positively by the market?,stock_sentiment
What is the current mood for Axis Bank shares?,stock_sentiment
Tell me if HCL Technologies stock is bullish,stock_sentiment
How’s the market sentiment on Tata Consumer Products stock?,stock_sentiment
Are investors positive about ICICI Prudential Life shares?,stock_sentiment
Is the stock sentiment bullish for Adani Ports and SEZ?,stock_sentiment
What’s the current investor mood for Paytm stock?,stock_sentiment
Check the sentiment trend for Bajaj Finance shares,stock_sentiment
Are traders optimistic about Google stock?,stock_sentiment
How do investors feel about Facebook shares?,stock_sentiment
What’s the market sentiment on Mahindra & Mahindra stock?,stock_sentiment
Tell me if ICICI Bank shares are trending bullish,stock_sentiment
Are investors confident about Tata Power stock?,stock_sentiment
How is the sentiment for Nestle India shares?,stock_sentiment
What’s the sentiment around Sony stock today?,stock_sentiment
Are traders positive about Bajaj Auto shares?,stock_sentiment
Check if Maruti Suzuki stock has bullish momentum,stock_sentiment
What do investors think about Pfizer shares?,stock_sentiment
Is Tesla stock being perceived negatively?,stock_sentiment
How is the market feeling about UltraTech Cement shares?,stock_sentiment
Are traders optimistic about Adobe stock?,stock_sentiment
What’s the investor sentiment on Wipro shares?,stock_sentiment
Tell me if Amazon stock is bullish or bearish today,stock_sentiment
Are investors positive about Tata Steel stock?,stock_sentiment
How do traders feel about HDFC Bank stock?,stock_sentiment
What’s the market sentiment for Reliance Industries shares?,stock_sentiment
Is ICICI Prudential Life stock trending bullish?,stock_sentiment
Tell me if Facebook stock is being viewed positively,stock_sentiment
Are investors confident about Bajaj Finance shares?,stock_sentiment
What is the investor sentiment for Sun Pharma stock?,stock_sentiment
Is Tesla stock gaining bullish momentum?,stock_sentiment
How do traders view HDFC Bank shares?,stock_sentiment
Are investors optimistic about Reliance Industries today?,stock_sentiment
Analyze market mood for Google stock,stock_sentiment
Is Infosys stock showing signs of positive sentiment?,stock_sentiment
What’s the sentiment around Tata Motors shares?,stock_sentiment
Are traders bearish on Amazon stock?,stock_sentiment
Tell me if Bajaj Finance shares are bullish,stock_sentiment
How is the market sentiment for Adani Enterprises?,stock_sentiment
Is Microsoft stock viewed positively by investors?,stock_sentiment
What do investors think about ICICI Bank shares?,stock_sentiment
Are investors bullish on Bharti Airtel stock?,stock_sentiment
How is the sentiment for Maruti Suzuki shares?,stock_sentiment
Tell me if Facebook stock is trending up,stock_sentiment
Are traders positive on Wipro stock?,stock_sentiment
What is the sentiment for Larsen & Toubro shares?,stock_sentiment
How do investors feel about Tata Steel stock?,stock_sentiment
Is the market mood bearish for Netflix stock?,stock_sentiment
What’s the sentiment trend for Bajaj Auto shares?,stock_sentiment
Are investors confident about Uber stock?,stock_sentiment
Tell me if UltraTech Cement shares are seeing positive sentiment,stock_sentiment
What’s the current investor mood on ICICI Prudential Life?,stock_sentiment
Are traders optimistic about Paytm stock?,stock_sentiment
How do investors feel about Sony shares?,stock_sentiment
Is the stock sentiment bullish for HCL Technologies?,stock_sentiment
Check if Tata Consumer Products stock is favored by investors,stock_sentiment
Are investors positive on Bajaj Finance stock?,stock_sentiment
What’s the sentiment for Nestle India shares?,stock_sentiment
How do traders view Mahindra & Mahindra stock?,stock_sentiment
Tell me if ICICI Bank shares are bullish or bearish,stock_sentiment
Are investors confident about Tata Power stock?,stock_sentiment
What’s the investor sentiment on Google shares?,stock_sentiment
Is Amazon stock showing bullish signals?,stock_sentiment
How is the market feeling about Axis Bank stock?,stock_sentiment
Are traders optimistic about HDFC Life shares?,stock_sentiment
What is the sentiment for Reliance Power stock?,stock_sentiment
Tell me if Bajaj Auto shares are favored by investors,stock_sentiment
Are investors positive about Pfizer stock?,stock_sentiment
What’s the market mood on Netflix shares?,stock_sentiment
Is Tesla stock viewed negatively?,stock_sentiment
How do investors feel about Adobe stock?,stock_sentiment
Are traders bullish on Facebook stock?,stock_sentiment
Tell me if HDFC Bank stock is gaining positive sentiment,stock_sentiment
What is the investor sentiment on Tata Steel shares?,stock_sentiment
Are traders optimistic about Infosys stock?,stock_sentiment
How do investors view Maruti Suzuki shares?,stock_sentiment
Is ICICI Prudential Life stock showing signs of bullish momentum?,stock_sentiment
What’s the current sentiment for Reliance Industries stock?,stock_sentiment
Are investors confident about Wipro shares?,stock_sentiment
Tell me if Amazon stock is trending positive,stock_sentiment
What is the sentiment around Bharti Airtel stock?,stock_sentiment
Are traders bullish on Tata Motors stock?,stock_sentiment
How is the market mood for Uber shares?,stock_sentiment
Are investors optimistic about Nestle India stock?,stock_sentiment
Is Adani Enterprises stock bullish or bearish?,stock_sentiment
Are investors positive or negative on ICICI Bank stock?,stock_sentiment
Tell me if Tata Motors shares have a positive outlook.,stock_sentiment
Is ITC stock trending positively?,stock_sentiment
Are investors positive or negative on Tech Mahindra stock?,stock_sentiment
Are traders optimistic about Twitter stock?,stock_sentiment
How are people reacting to Apple shares?,stock_sentiment
How is the market sentiment for Bajaj Finance stocks?,stock_sentiment
Analyze the stock sentiment for Microsoft.,stock_sentiment
What’s the investor sentiment for SBI today?,stock_sentiment
What is the sentiment of Tech Mahindra stock?,stock_sentiment
How is Adani Enterprises stock sentiment trending?,stock_sentiment
Is HDFC Bank stock trending positively?,stock_sentiment
Are Paytm shares viewed positively right now?,stock_sentiment
Tell me if Amazon stock is trending up.,stock_sentiment
How is the market sentiment for SBI stocks?,stock_sentiment
How is the sentiment on Zomato shares?,stock_sentiment
Is Infosys stock viewed as bullish currently?,stock_sentiment
Are Tata Steel shares seeing increased investor confidence?,stock_sentiment
Are JSW Steel shares seeing positive sentiment?,stock_sentiment
How are people reacting to Apple shares?,stock_sentiment
Is ITC stock showing bullish signs?,stock_sentiment
Is Adani Enterprises stock showing bullish signs?,stock_sentiment
Are Wipro shares in a bullish mood?,stock_sentiment
Analyze the stock sentiment for Flipkart.,stock_sentiment
How is Twitter stock sentiment trending?,stock_sentiment
Is JSW Steel stock bullish or bearish?,stock_sentiment
Check the public sentiment for Bharti Airtel stock.,stock_sentiment
Is Dell stock getting good reviews from traders?,stock_sentiment
What is the sentiment of Tesla stock?,stock_sentiment
Tell me if ITC shares have a positive outlook.,stock_sentiment
How are people reacting to Tesla shares?,stock_sentiment
Check the public sentiment for HUL stock.,stock_sentiment
Are traders optimistic about LIC stock?,stock_sentiment
What’s the public sentiment for Flipkart shares?,stock_sentiment
Is Wipro stock showing bullish signs?,stock_sentiment
Is Bharti Airtel stock bullish or bearish?,stock_sentiment
What is the sentiment of JSW Steel stock?,stock_sentiment
Analyze Tata Motors stock sentiment from social media.,stock_sentiment
How is Dell stock sentiment trending?,stock_sentiment
Are investors confident in Wipro shares?,stock_sentiment
Give me the current sentiment for JSW Steel shares.,stock_sentiment
Analyze JSW Steel stock sentiment from social media.,stock_sentiment
Check if Tata Motors stock is receiving positive feedback.,stock_sentiment
Are investors confident in Wipro shares?,stock_sentiment
Is the Amazon stock sentiment bullish or bearish?,stock_sentiment
How is the market feeling about ICICI Bank?,stock_sentiment
Is Tech Mahindra stock trending positively?,stock_sentiment
Is Adani Enterprises stock trending positively?,stock_sentiment
Is Dell stock bullish or bearish?,stock_sentiment
Are Bharti Airtel shares trending bullish currently?,stock_sentiment
Are investors confident in Axis Bank shares?,stock_sentiment
How is the market sentiment for Bharat Electronics stocks?,stock_sentiment
Is the Tata Steel stock sentiment bullish or bearish?,stock_sentiment
Tell me if ITC is going up or down.,stock_sentiment
Is Uber stock sentiment favorable?,stock_sentiment
Analyze Tata Steel stock sentiment from social media.,stock_sentiment
Are investors positive or negative on Amazon stock?,stock_sentiment
Tell me if Reliance Industries shares are favored by investors.,stock_sentiment
Check if Twitter stock is receiving positive feedback.,stock_sentiment
Are Facebook shares seeing increased investor confidence?,stock_sentiment
Are Microsoft shares viewed positively right now?,stock_sentiment
How is the market sentiment for Tata Elxsi stocks?,stock_sentiment
Are NTPC shares seeing positive sentiment?,stock_sentiment
Check the public sentiment for Apple stock.,stock_sentiment
Are investors positive or negative on BYJU’s stock?,stock_sentiment
Are investors positive or negative on ICICI Bank stock?,stock_sentiment
Are traders optimistic about Apple stock?,stock_sentiment
Are Meta shares favored in today’s market?,stock_sentiment
Are investors positive or negative on Infosys stock?,stock_sentiment
How is Meta stock sentiment trending?,stock_sentiment
What’s the investor sentiment for Apple today?,stock_sentiment
Tell me if Bajaj Finance shares are favored by investors.,stock_sentiment
What’s the investor mood around Netflix stock?,stock_sentiment
What’s the public sentiment for Bharat Electronics shares?,stock_sentiment
What’s the investor mood around Paytm stock?,stock_sentiment
How is the sentiment on Tata Motors stock evolving?,stock_sentiment
How are people reacting to ITC shares?,stock_sentiment
What’s the investor mood around Paytm stock?,stock_sentiment
Tell me if Twitter shares are favored by investors.,stock_sentiment
What’s the public sentiment for Wipro shares?,stock_sentiment
Check the public sentiment for BYJU’s stock.,stock_sentiment
How do investors feel about Bharti Airtel stock recently?,stock_sentiment
How are people reacting to Wipro shares?,stock_sentiment
Tell me if LIC stock is trending up.,stock_sentiment
Analyze the stock sentiment for Flipkart.,stock_sentiment
Is HUL stock sentiment favorable?,stock_sentiment
How is the sentiment on Tata Steel stock evolving?,stock_sentiment
What’s the public opinion on Microsoft stock?,stock_sentiment
Tell me if Infosys shares are favored by investors.,stock_sentiment
Are ICICI Bank shares favored in today’s market?,stock_sentiment
Is ONGC stock sentiment favorable?,stock_sentiment
Is Tata Steel stock sentiment favorable?,stock_sentiment
What’s the general market sentiment on Meta stock?,stock_sentiment
Are investors positive or negative on Axis Bank stock?,stock_sentiment
Tell me if Flipkart stock is trending up.,stock_sentiment
Tell me if Microsoft shares are favored by investors.,stock_sentiment
Analyze Tata Motors’s stock sentiment from recent news.,stock_sentiment
Is ONGC stock sentiment favorable?,stock_sentiment
Tell me if Amazon is going up or down.,stock_sentiment
Tell me if Uber stock is trending up.,stock_sentiment
Is Zomato stock getting good reviews from traders?,stock_sentiment
What’s the investor sentiment on Infosys stock?,stock_sentiment
Are Bharat Electronics shares viewed positively right now?,stock_sentiment
Is Tech Mahindra stock getting good reviews from traders?,stock_sentiment
Is ICICI Bank stock showing bullish signs?,stock_sentiment
What’s the investor mood around Microsoft stock?,stock_sentiment
What’s the mood around Tech Mahindra stock today?,stock_sentiment
What’s the public sentiment for Marico shares?,stock_sentiment
How are Uber shares perceived by traders?,stock_sentiment
How are Flipkart shares perceived by traders?,stock_sentiment
How is the market feeling about Tata Motors?,stock_sentiment
Is Apple stock trending positively?,stock_sentiment
How are people reacting to Amazon shares?,stock_sentiment
Is Adani Enterprises stock getting good reviews from traders?,stock_sentiment
How are people reacting to Uber shares?,stock_sentiment
Is SBI stock trending positively?,stock_sentiment
How is Adani Enterprises stock sentiment trending?,stock_sentiment
Analyze Asian Paints’s stock sentiment from recent news.,stock_sentiment
What’s the investor sentiment on Tata Motors stock?,stock_sentiment
What’s the investor sentiment for Apple today?,stock_sentiment
What’s the general market sentiment on Netflix stock?,stock_sentiment
What’s the investor sentiment for Dell today?,stock_sentiment
Tell me if Tesla shares are favored by investors.,stock_sentiment
Check if Microsoft stock is receiving positive feedback.,stock_sentiment
What’s the investor mood around Uber stock?,stock_sentiment
Check if ICICI Bank stock is receiving positive feedback.,stock_sentiment
How are people reacting to Axis Bank shares?,stock_sentiment
What’s the mood around Tata Elxsi stock today?,stock_sentiment
What’s the mood around Bharat Electronics stock today?,stock_sentiment
Is the LIC stock sentiment bullish or bearish?,stock_sentiment
Is NTPC stock showing positive signs?,stock_sentiment
Analyze Twitter stock sentiment from social media.,stock_sentiment
How is Amazon stock sentiment trending?,stock_sentiment
What’s the mood around ONGC stock today?,stock_sentiment
Is Paytm stock bullish or bearish?,stock_sentiment
How is the sentiment on Reliance Industries shares?,stock_sentiment
Are Tata Elxsi shares in a bullish mood?,stock_sentiment
Is HDFC Bank stock getting good reviews from traders?,stock_sentiment
What’s the mood around Tata Elxsi stock today?,stock_sentiment
Is Facebook stock showing bullish signs?,stock_sentiment
How is the sentiment on Zomato stock evolving?,stock_sentiment
Tell me if Uber shares are favored by investors.,stock_sentiment
Are investors positive or negative on Meta stock?,stock_sentiment
Give me the current sentiment for JSW Steel shares.,stock_sentiment
What’s the investor sentiment for Tech Mahindra today?,stock_sentiment
Tell me if Axis Bank is going up or down.,stock_sentiment
Analyze Amazon’s stock sentiment from recent news.,stock_sentiment
Is the Bharat Electronics stock sentiment bullish or bearish?,stock_sentiment
Is the Adani Enterprises stock sentiment bullish or bearish?,stock_sentiment
What’s the investor sentiment for Tesla today?,stock_sentiment
How are people reacting to ICICI Bank shares?,stock_sentiment
Is Flipkart stock trending positively?,stock_sentiment
Are Flipkart shares favored in today’s market?,stock_sentiment
Are Bharti Airtel shares viewed positively right now?,stock_sentiment
Are traders optimistic about BYJU’s stock?,stock_sentiment
Check the sentiment for Tata Steel stock.,stock_sentiment
Are Infosys shares trending bullish currently?,stock_sentiment
How is the market feeling about Tata Elxsi?,stock_sentiment
How are ICICI Bank shares perceived by traders?,stock_sentiment
What is the sentiment of Tech Mahindra stock?,stock_sentiment
Give me the current sentiment for ICICI Bank shares.,stock_sentiment
How is Flipkart stock sentiment trending?,stock_sentiment
Are Ashok Leyland shares in a bullish mood?,stock_sentiment
Check if Netflix stock is receiving positive feedback.,stock_sentiment
How are people reacting to Dell shares?,stock_sentiment
Check the sentiment for Vedanta stock.,stock_sentiment
What’s the investor mood around HUL stock?,stock_sentiment
How is Amazon stock sentiment trending?,stock_sentiment
How do investors feel about Bharti Airtel stock recently?,stock_sentiment
What’s the investor sentiment on Meta stock?,stock_sentiment
Are Reliance Industries shares viewed positively right now?,stock_sentiment
Are Asian Paints shares favored in today’s market?,stock_sentiment
Are investors positive or negative on HUL stock?,stock_sentiment
Give me sentiment analysis for Microsoft stock.,stock_sentiment
Are ICICI Bank shares viewed positively right now?,stock_sentiment
Tell me if Marico stock is trending up.,stock_sentiment
Are investors confident in Reliance Industries shares?,stock_sentiment
How do investors feel about Dell stock recently?,stock_sentiment
How do investors feel about Infosys stock recently?,stock_sentiment
How are people reacting to Google shares?,stock_sentiment
Is the Asian Paints stock sentiment bullish or bearish?,stock_sentiment
What’s the public sentiment for Reliance Industries shares?,stock_sentiment
What’s the investor sentiment for HUL today?,stock_sentiment
Are Tech Mahindra shares seeing positive sentiment?,stock_sentiment
Give me the current sentiment for Apple shares.,stock_sentiment
Are NTPC shares viewed positively right now?,stock_sentiment
What’s the investor sentiment for ITC today?,stock_sentiment
How is the market feeling about Wipro?,stock_sentiment
What’s the general market sentiment on Tech Mahindra stock?,stock_sentiment
Are traders optimistic about Netflix stock?,stock_sentiment
How is Netflix stock sentiment trending?,stock_sentiment
What’s the investor mood around Bajaj Finance stock?,stock_sentiment
Is Uber stock viewed as bullish currently?,stock_sentiment
What’s the public sentiment for Wipro shares?,stock_sentiment
Is Tata Motors stock sentiment positive or negative?,stock_sentiment
Analyze the stock sentiment for NTPC.,stock_sentiment
Check the sentiment for BYJU’s stock.,stock_sentiment
What’s the public sentiment for Marico shares?,stock_sentiment
Analyze BYJU’s’s stock sentiment from recent news.,stock_sentiment
Is Bajaj Finance stock trending positively?,stock_sentiment
How are SBI shares perceived by traders?,stock_sentiment
What’s the investor sentiment for Maruti Suzuki today?,stock_sentiment
Analyze the stock sentiment for ICICI Bank.,stock_sentiment
How is the sentiment on BYJU’s stock evolving?,stock_sentiment
Give me sentiment analysis for Britannia stock.,stock_sentiment
Check if Infosys stock is receiving positive feedback.,stock_sentiment
Is ITC stock trending positively?,stock_sentiment
Give me the current sentiment for Uber shares.,stock_sentiment
How is the market sentiment for Zomato stocks?,stock_sentiment
Analyze Meta stock sentiment from social media.,stock_sentiment
Are investors confident in ITC shares?,stock_sentiment
What’s the investor mood around TCS stock?,stock_sentiment
Are Vedanta shares viewed positively right now?,stock_sentiment
Tell me if Flipkart shares are favored by investors.,stock_sentiment
What’s the investor sentiment on Apple stock?,stock_sentiment
Are Meta shares viewed positively right now?,stock_sentiment
Are Infosys shares seeing increased investor confidence?,stock_sentiment
Analyze the stock sentiment for Paytm.,stock_sentiment
Is Google stock showing bullish signs?,stock_sentiment
Are Maruti Suzuki shares trending bullish currently?,stock_sentiment
What’s the investor mood around BYJU’s stock?,stock_sentiment
How are Tata Motors shares perceived by traders?,stock_sentiment
What’s the mood around Nvidia stock today?,stock_sentiment
Tell me if HDFC Bank shares are favored by investors.,stock_sentiment
What is the sentiment of Tesla stock?,stock_sentiment
How are Ashok Leyland shares perceived by traders?,stock_sentiment
How are Tata Elxsi shares perceived by traders?,stock_sentiment
Is Tata Motors stock showing bullish signs?,stock_sentiment
Is Bharat Electronics stock sentiment favorable?,stock_sentiment
What is the sentiment of Amazon stock?,stock_sentiment
What’s the general market sentiment on Vedanta stock?,stock_sentiment
Are Apple shares favored in today’s market?,stock_sentiment
Tell me if TCS shares are favored by investors.,stock_sentiment
Give me sentiment analysis for Tech Mahindra stock.,stock_sentiment
How is the sentiment on NTPC stock evolving?,stock_sentiment
Are LIC shares viewed positively right now?,stock_sentiment
What’s the investor sentiment for TCS today?,stock_sentiment
Give me sentiment analysis for ICICI Bank stock.,stock_sentiment
How is the market sentiment for Dell stocks?,stock_sentiment
How is the sentiment on Apple stock evolving?,stock_sentiment
How is the market sentiment for Infosys stocks?,stock_sentiment
Tell me if Ashok Leyland is going up or down.,stock_sentiment
What is the sentiment of Bharti Airtel stock?,stock_sentiment
Is SBI stock bullish or bearish?,stock_sentiment
Is Bharti Airtel stock trending positively?,stock_sentiment
Analyze the stock sentiment for Microsoft.,stock_sentiment
Are Netflix shares seeing increased investor confidence?,stock_sentiment
Are Google shares favored in today’s market?,stock_sentiment
Check if ITC stock is receiving positive feedback.,stock_sentiment
How is the market sentiment for Asian Paints stocks?,stock_sentiment
Check the sentiment for Tata Motors stock.,stock_sentiment
What’s the public opinion on Paytm stock?,stock_sentiment
Is Infosys stock trending positively?,stock_sentiment
Check the public sentiment for Britannia stock.,stock_sentiment
Is Apple stock sentiment favorable?,stock_sentiment
Is Apple stock showing positive signs?,stock_sentiment
Check if LIC stock is receiving positive feedback.,stock_sentiment
Give me sentiment analysis for Reliance Industries stock.,stock_sentiment
Are Nvidia shares seeing positive sentiment?,stock_sentiment
Are traders optimistic about Tech Mahindra stock?,stock_sentiment
Analyze the stock sentiment for Tata Motors.,stock_sentiment
Is Flipkart stock showing bullish signs?,stock_sentiment
How do investors feel about NTPC stock recently?,stock_sentiment
Are Netflix shares seeing positive sentiment?,stock_sentiment
What is the sentiment of Amazon stock?,stock_sentiment
Are Meta shares trending bullish currently?,stock_sentiment
Is the Bharat Electronics stock sentiment bullish or bearish?,stock_sentiment
What’s the public sentiment for Ashok Leyland shares?,stock_sentiment
Is Nvidia stock trending positively?,stock_sentiment
Check the sentiment for Dell shares today.,stock_sentiment
Is the Axis Bank stock sentiment bullish or bearish?,stock_sentiment
How are people reacting to Britannia shares?,stock_sentiment
Analyze Dell’s stock sentiment from recent news.,stock_sentiment
What’s the mood around Twitter stock today?,stock_sentiment
What is the sentiment of Tesla stock?,stock_sentiment
How do investors feel about Uber stock recently?,stock_sentiment
What’s the investor sentiment for Apple today?,stock_sentiment
How are ICICI Bank shares perceived by traders?,stock_sentiment
What is the sentiment of Microsoft stock?,stock_sentiment
Are Apple shares viewed positively right now?,stock_sentiment
Is the HDFC Bank stock sentiment bullish or bearish?,stock_sentiment
Give me the current sentiment for Asian Paints shares.,stock_sentiment
How is the sentiment on Netflix shares?,stock_sentiment
Is the JSW Steel stock sentiment bullish or bearish?,stock_sentiment
Is Britannia stock showing positive signs?,stock_sentiment
Analyze Tata Motors’s stock sentiment from recent news.,stock_sentiment
What’s the general market sentiment on Tata Motors stock?,stock_sentiment
Check if Wipro stock is receiving positive feedback.,stock_sentiment
How is the sentiment on Tata Elxsi shares?,stock_sentiment
Check if Tata Elxsi stock is receiving positive feedback.,stock_sentiment
Check the public sentiment for Google stock.,stock_sentiment
Check the sentiment for HDFC Bank stock.,stock_sentiment
What’s the investor mood around Tata Motors stock?,stock_sentiment
How is Zomato stock sentiment trending?,stock_sentiment
What’s the investor mood around Bharat Electronics stock?,stock_sentiment
Is Bajaj Finance stock sentiment favorable?,stock_sentiment
Are Apple shares favored in today’s market?,stock_sentiment
Are traders optimistic about Ashok Leyland stock?,stock_sentiment
Analyze Netflix’s stock sentiment from recent news.,stock_sentiment
Analyze Meta stock sentiment from social media.,stock_sentiment
Is Wipro stock sentiment favorable?,stock_sentiment
Check the sentiment for BYJU’s shares today.,stock_sentiment
What’s the mood around Dell stock today?,stock_sentiment
Tell me if HUL shares have a positive outlook.,stock_sentiment
What’s the public sentiment for ICICI Bank shares?,stock_sentiment
Give me sentiment analysis for Nvidia stock.,stock_sentiment
What’s the investor sentiment on Tech Mahindra stock?,stock_sentiment
Analyze the stock sentiment for HDFC Bank.,stock_sentiment
Check the sentiment for BYJU’s shares today.,stock_sentiment
Give me sentiment analysis for HUL stock.,stock_sentiment
How is the sentiment on Bajaj Finance shares?,stock_sentiment
Check the sentiment for ITC shares today.,stock_sentiment
Is Axis Bank stock viewed as bullish currently?,stock_sentiment
Tell me if Asian Paints stock is trending up.,stock_sentiment
Are LIC shares trending bullish currently?,stock_sentiment
Check the public sentiment for Reliance Industries stock.,stock_sentiment
Are Asian Paints shares favored in today’s market?,stock_sentiment
How is Reliance Industries stock sentiment trending?,stock_sentiment
Are investors positive or negative on ICICI Bank stock?,stock_sentiment
Is the Maruti Suzuki stock sentiment bullish or bearish?,stock_sentiment
Is Facebook stock getting good reviews from traders?,stock_sentiment
Is Adani Enterprises stock viewed as bullish currently?,stock_sentiment
What’s the investor sentiment for Google today?,stock_sentiment
What’s the public sentiment for Britannia shares?,stock_sentiment
How is the sentiment on Bajaj Finance stock evolving?,stock_sentiment
Check the sentiment for Bharti Airtel stock.,stock_sentiment
Is Tata Motors stock viewed as bullish currently?,stock_sentiment
Are investors positive or negative on Paytm stock?,stock_sentiment
What’s the mood around NTPC stock today?,stock_sentiment
Are Amazon shares seeing increased investor confidence?,stock_sentiment
Are Tata Elxsi shares viewed positively right now?,stock_sentiment
How is the market sentiment for Britannia stocks?,stock_sentiment
How are Microsoft shares perceived by traders?,stock_sentiment
Is Marico stock getting good reviews from traders?,stock_sentiment
Is Facebook stock getting good reviews from traders?,stock_sentiment
Check if Microsoft stock is receiving positive feedback.,stock_sentiment
How are ITC shares perceived by traders?,stock_sentiment
What is the sentiment of LIC stock?,stock_sentiment
How are people reacting to HDFC Bank shares?,stock_sentiment
Is Tata Motors stock viewed as bullish currently?,stock_sentiment
Check the public sentiment for JSW Steel stock.,stock_sentiment
Is Meta stock showing bullish signs?,stock_sentiment
Are investors confident in Google shares?,stock_sentiment
Analyze Tech Mahindra’s stock sentiment from recent news.,stock_sentiment
How is the market sentiment for HDFC Bank stocks?,stock_sentiment
How are Uber shares perceived by traders?,stock_sentiment
Is Uber stock getting good reviews from traders?,stock_sentiment
How is the sentiment on Reliance Industries stock evolving?,stock_sentiment
Tell me if Wipro is going up or down.,stock_sentiment
Check the sentiment for Facebook shares today.,stock_sentiment
What’s the investor sentiment for Bajaj Finance today?,stock_sentiment
How are Apple shares perceived by traders?,stock_sentiment
Give me sentiment analysis for Bharti Airtel stock.,stock_sentiment
How do investors feel about Infosys stock recently?,stock_sentiment
Is Flipkart stock sentiment favorable?,stock_sentiment
Are Zomato shares viewed positively right now?,stock_sentiment
Analyze Britannia’s stock sentiment from recent news.,stock_sentiment
Check the public sentiment for Britannia stock.,stock_sentiment
Are investors positive or negative on NTPC stock?,stock_sentiment
Is Dell stock getting good reviews from traders?,stock_sentiment
How are people reacting to Tesla shares?,stock_sentiment
How is the sentiment on Flipkart shares?,stock_sentiment
Is Wipro stock sentiment favorable?,stock_sentiment
Are Facebook shares seeing increased investor confidence?,stock_sentiment
How is the market feeling about JSW Steel?,stock_sentiment
What’s the investor sentiment for Twitter today?,stock_sentiment
Are traders optimistic about Nvidia stock?,stock_sentiment
Check the sentiment for Amazon stock.,stock_sentiment
Tell me if BYJU’s shares have a positive outlook.,stock_sentiment
Check the sentiment for Tech Mahindra shares today.,stock_sentiment
Check the sentiment for JSW Steel shares today.,stock_sentiment
How is the market feeling about ITC?,stock_sentiment
Is Wipro stock getting good reviews from traders?,stock_sentiment
What’s the public sentiment for Tata Elxsi shares?,stock_sentiment
Check the sentiment for Wipro stock.,stock_sentiment
How is the market sentiment for Paytm stocks?,stock_sentiment
Tell me if Reliance Industries is going up or down.,stock_sentiment
Check the sentiment for Facebook shares today.,stock_sentiment
Is Meta stock bullish or bearish?,stock_sentiment
Is Flipkart stock showing bullish signs?,stock_sentiment
Are Bharti Airtel shares in a bullish mood?,stock_sentiment
Check the sentiment for Maruti Suzuki shares today.,stock_sentiment
Are Zomato shares in a bullish mood?,stock_sentiment
How do investors feel about ICICI Bank stock recently?,stock_sentiment
Analyze the stock sentiment for Britannia.,stock_sentiment
Check the public sentiment for Flipkart stock.,stock_sentiment
How is the market sentiment for Netflix stocks?,stock_sentiment
Check the sentiment for Dell stock.,stock_sentiment
How is Bharti Airtel stock sentiment trending?,stock_sentiment
What’s the investor sentiment on Meta stock?,stock_sentiment
Is Tech Mahindra stock viewed as bullish currently?,stock_sentiment
Tell me if Paytm shares have a positive outlook.,stock_sentiment
Is ITC stock sentiment favorable?,stock_sentiment
Is Ashok Leyland stock getting good reviews from traders?,stock_sentiment
How is the sentiment on ONGC shares?,stock_sentiment
Tell me if Google shares are favored by investors.,stock_sentiment
Are Tata Steel shares seeing positive sentiment?,stock_sentiment
Are investors confident in TCS shares?,stock_sentiment
What’s the mood around Twitter stock today?,stock_sentiment
What’s the investor sentiment for HDFC Bank today?,stock_sentiment
How is the market sentiment for Nvidia stocks?,stock_sentiment
How is the sentiment on Bharat Electronics stock evolving?,stock_sentiment
Give me sentiment analysis for TCS stock.,stock_sentiment
What’s the general market sentiment on Microsoft stock?,stock_sentiment
What’s the public sentiment for Flipkart shares?,stock_sentiment
What’s the general market sentiment on Microsoft stock?,stock_sentiment
Are Wipro shares in a bullish mood?,stock_sentiment
Tell me if ONGC stock is trending up.,stock_sentiment
Is Paytm stock trending positively?,stock_sentiment
What is the sentiment of SBI stock?,stock_sentiment
What is the sentiment of Adani Enterprises stock?,stock_sentiment
Check the sentiment for Tata Steel stock.,stock_sentiment
Tell me if Nvidia stock is trending up.,stock_sentiment
Tell me if Britannia shares have a positive outlook.,stock_sentiment
Are traders optimistic about TCS stock?,stock_sentiment
Give me sentiment analysis for Ashok Leyland stock.,stock_sentiment
Is Flipkart stock showing positive signs?,stock_sentiment
How is Britannia stock sentiment trending?,stock_sentiment
Are Bharti Airtel shares favored in today’s market?,stock_sentiment
Tell me if Bajaj Finance is going up or down.,stock_sentiment
What’s the general market sentiment on Infosys stock?,stock_sentiment
Is Tata Motors stock bullish or bearish?,stock_sentiment
Are Paytm shares seeing positive sentiment?,stock_sentiment
Check the sentiment for Tata Motors stock.,stock_sentiment
What’s the mood around Netflix stock today?,stock_sentiment
Tell me if Britannia stock is trending up.,stock_sentiment
Is Infosys stock sentiment favorable?,stock_sentiment
Tell me if Nvidia is going up or down.,stock_sentiment
Check the sentiment for Zomato shares today.,stock_sentiment
What’s the investor sentiment on Apple stock?,stock_sentiment
What’s the general market sentiment on Google stock?,stock_sentiment
What’s the public opinion on Tech Mahindra stock?,stock_sentiment
Are Marico shares in a bullish mood?,stock_sentiment
What’s the public sentiment for JSW Steel shares?,stock_sentiment
What’s the investor mood around Paytm stock?,stock_sentiment
What’s the public opinion on ONGC stock?,stock_sentiment
Are investors confident in LIC shares?,stock_sentiment
What’s the public sentiment for Amazon shares?,stock_sentiment
Is the ONGC stock sentiment bullish or bearish?,stock_sentiment
How is the market feeling about Netflix?,stock_sentiment
Tell me if Adani Enterprises stock is trending up.,stock_sentiment
Is the Paytm stock sentiment bullish or bearish?,stock_sentiment
Is Apple stock showing positive signs?,stock_sentiment
What’s the investor mood around Nvidia stock?,stock_sentiment
Is Ashok Leyland stock sentiment favorable?,stock_sentiment
How is the sentiment on Bajaj Finance shares?,stock_sentiment
Check the sentiment for ITC shares today.,stock_sentiment
Are Bharti Airtel shares trending bullish currently?,stock_sentiment
Is Asian Paints stock showing bullish signs?,stock_sentiment
How is the sentiment on Zomato stock evolving?,stock_sentiment
How is the market sentiment for ICICI Bank stocks?,stock_sentiment
Check if Bharat Electronics stock is receiving positive feedback.,stock_sentiment
Are Uber shares in a bullish mood?,stock_sentiment
Analyze SBI stock sentiment from social media.,stock_sentiment
Analyze SBI stock sentiment from social media.,stock_sentiment
How is the sentiment on Dell stock evolving?,stock_sentiment
Are Tata Steel shares in a bullish mood?,stock_sentiment
How is the sentiment on Tata Elxsi stock evolving?,stock_sentiment
What’s the investor sentiment for Tech Mahindra today?,stock_sentiment
Is Facebook stock sentiment positive or negative?,stock_sentiment
Tell me if ITC shares are favored by investors.,stock_sentiment
Is JSW Steel stock showing bullish signs?,stock_sentiment
Tell me if Microsoft is going up or down.,stock_sentiment
How is the sentiment on BYJU’s stock evolving?,stock_sentiment
Are Vedanta shares seeing increased investor confidence?,stock_sentiment
Are traders optimistic about Twitter stock?,stock_sentiment
Is Wipro stock sentiment positive or negative?,stock_sentiment
Analyze Tesla stock sentiment from social media.,stock_sentiment
Is Bajaj Finance stock showing bullish signs?,stock_sentiment
Analyze Tech Mahindra’s stock sentiment from recent news.,stock_sentiment
Are investors positive or negative on Wipro stock?,stock_sentiment
Analyze Marico stock sentiment from social media.,stock_sentiment
Give me sentiment analysis for LIC stock.,stock_sentiment
Are Google shares seeing positive sentiment?,stock_sentiment
Analyze the stock sentiment for Flipkart.,stock_sentiment
How is the sentiment on Axis Bank shares?,stock_sentiment
How is the sentiment on ONGC stock evolving?,stock_sentiment
Are Adani Enterprises shares trending bullish currently?,stock_sentiment
How is the sentiment on Bajaj Finance stock evolving?,stock_sentiment
Are investors positive or negative on ONGC stock?,stock_sentiment
How are people reacting to Bajaj Finance shares?,stock_sentiment
What’s the investor mood around Reliance Industries stock?,stock_sentiment
How is the market feeling about BYJU’s?,stock_sentiment
Tell me if TCS stock is trending up.,stock_sentiment
Are Google shares favored in today’s market?,stock_sentiment
Tell me if TCS shares are favored by investors.,stock_sentiment
Are traders optimistic about Tech Mahindra stock?,stock_sentiment
Is Facebook stock getting good reviews from traders?,stock_sentiment
Analyze the stock sentiment for Adani Enterprises.,stock_sentiment
What’s the mood around Twitter stock today?,stock_sentiment
What’s the investor sentiment for Tata Steel today?,stock_sentiment
What’s the public opinion on Dell stock?,stock_sentiment
Analyze Bharti Airtel’s stock sentiment from recent news.,stock_sentiment
Tell me if Asian Paints shares are favored by investors.,stock_sentiment
How are people reacting to Tesla shares?,stock_sentiment
Is Axis Bank stock sentiment positive or negative?,stock_sentiment
What’s the general market sentiment on ICICI Bank stock?,stock_sentiment
What’s the investor sentiment for Flipkart today?,stock_sentiment
Are investors positive or negative on BYJU’s stock?,stock_sentiment
